"3107 14th Street NW, Washington, DC 20010"
"237 Pennsylvania Ave Se, Washington, DC 20003"
"700 14th Street Nw, Washington, DC 20005"
"2225 Georgia Avenue Nw, Washington, DC 20059"
"5335 Wisconsin Ave Nw, Washington, DC 20015"
"5335 Wisconsin Ave Nw, Washington, DC 20015"
"1455 K Street NW, Washington, DC 20005"
"409 3rd Street Sw, Washington, DC 20024"
"2109 M Street Nw, Washington, DC 20037"
"1919 Pennsylvania Avenue Nw, Washington, DC 20006"
"701 9th Street Nw, Washington, DC 20001"
"550 C Street Sw, Washington, DC 20024"
"1001 Conneticut Ave NW, Washington, DC 20036"
"1201 Maryland Avenue Sw, Washington, DC 20024"
"1100 4th St Sw, Washington, DC 20024"
"3100 14th St Nw, Washington, DC 20010"
"325 7th Street NW, Washington, DC 20004"
"2845 Alabama Ave Se, Washington, DC 20020"
"1200 New Jersey Ave., Se, Washington, DC 20590"
"1000 H St Nw, Washington, DC 20001"
"1501 Connecticut Avenue Nw, Washington, DC 20036"
"1600 U Street Nw, Washington, DC 20009"
"1225 I Street NW, Washington, DC 20005"
"2302 Wisconsin Ave Nw, Washington, DC 20007"
"1160 1st Street Ne, Washington, DC 20002"
